{
	"description": "项目配置文件。",
	"setting": {
		"urlCheck": false,
		"es6": true,
		"postcss": true,
		"minified": true,
		"newFeature": true
	},
	"compileType": "miniprogram",
	"libVersion": "1.9.1",
	"appid": "wx2d75876d0ca5aaff",
	"projectname": "enquiryUI",
	"condition": {
		"search": {
			"current": -1,
			"list": []
		},
		"conversation": {
			"current": -1,
			"list": []
		},
		"miniprogram": {
			"current": -1,
			"list": [
				{
					"id": 0,
					"name": "扫码",
					"pathName": "pages/personal/personal",
					"query": "scene=action%3De%26data%3Df2355765",
					"scene": "1047"
				}
			]
		}
	}
}